listName,description,dateCreated
in felis eu,Sed accumsan felis.,2024-09-13
tellus nisi,Pellentesque ultrices mattis odio.,2023-02-23
faucibus accumsan odio curabitur,In hac habitasse platea dictumst. Etiam faucibus cursus urna. Ut tellus.,2023-06-02
enim in tempor turpis nec,Sed vel enim sit amet nunc viverra dapibus. Nulla suscipit ligula in lacus.,2023-07-04
proin interdum mauris non,In quis justo.,2025-02-09
id justo sit,"In hac habitasse platea dictumst. Aliquam augue quam, sollicitudin vitae, consectetuer eget, rutrum at, lorem.",2023-06-07
cursus,Donec semper sapien a libero. Nam dui.,2022-10-17
facilisi cras non,Nulla justo. Aliquam quis turpis eget elit sodales scelerisque.,2024-05-02
elementum ligula vehicula,Praesent id massa id nisl venenatis lacinia. Aenean sit amet justo. Morbi ut odio.,2024-05-18
lobortis est phasellus sit,Aenean auctor gravida sem. Praesent id massa id nisl venenatis lacinia.,2024-02-14
maecenas tristique,"Cum sociis natoque penatibus et magnis dis parturient montes, nascetur ridiculus mus.",2022-08-27
donec diam,"Cras mi pede, malesuada in, imperdiet et, commodo vulputate, justo.",2025-04-06
eu,Aenean fermentum.,2022-03-11
commodo placerat praesent blandit,Mauris sit amet eros. Suspendisse accumsan tortor quis turpis.,2023-09-14
at turpis,Suspendisse potenti.,2022-02-05
dui nec nisi,"Nunc rhoncus dui vel sem. Sed sagittis. Nam congue, risus semper porta volutpat, quam pede lobortis ligula, sit amet eleifend pede libero quis orci.",2022-10-26
congue diam id ornare imperdiet,Etiam pretium iaculis justo. In hac habitasse platea dictumst. Etiam faucibus cursus urna.,2022-03-05
enim sit,Morbi a ipsum. Integer a nibh. In quis justo.,2025-04-03
id ligula suspendisse ornare,"Nullam orci pede, venenatis non, sodales sed, tincidunt eu, felis. Fusce posuere felis sed lacus. Morbi sem mauris, laoreet ut, rhoncus aliquet, pulvinar sed, nisl.",2025-03-01
mauris,"Vestibulum ac est lacinia nisi venenatis tristique. Fusce congue, diam id ornare imperdiet, sapien urna pretium nisl, ut volutpat sapien arcu sed augue. Aliquam erat volutpat.",2022-09-22
praesent id,"Nam congue, risus semper porta volutpat, quam pede lobortis ligula, sit amet eleifend pede libero quis orci.",2024-05-29
nulla eget eros elementum,Suspendisse accumsan tortor quis turpis. Sed ante.,2024-07-15
metus aenean,Duis at velit eu est congue elementum.,2024-06-16
nulla,Mauris sit amet eros. Suspendisse accumsan tortor quis turpis.,2022-03-09
fusce consequat nulla nisl,"Suspendisse potenti. Cras in purus eu magna vulputate luctus. Cum sociis natoque penatibus et magnis dis parturient montes, nascetur ridiculus mus.",2023-08-24
augue,Etiam vel augue. Vestibulum rutrum rutrum neque. Aenean auctor gravida sem.,2023-08-28
nonummy integer non velit donec,"Nam nulla. Integer pede justo, lacinia eget, tincidunt eget, tempus vel, pede. Morbi porttitor lorem id ligula.",2023-05-23
nullam porttitor lacus at turpis,Nullam sit amet turpis elementum ligula vehicula consequat. Morbi a ipsum.,2024-07-07
libero quis orci nullam,"Lorem ipsum dolor sit amet, consectetuer adipiscing elit. Proin interdum mauris non ligula pellentesque ultrices.",2023-02-15
nunc viverra,"Sed sagittis. Nam congue, risus semper porta volutpat, quam pede lobortis ligula, sit amet eleifend pede libero quis orci. Nullam molestie nibh in lectus.",2023-07-30
aliquet,Etiam faucibus cursus urna. Ut tellus. Nulla ut erat id mauris vulputate elementum.,2022-02-17
velit,Aenean sit amet justo.,2024-12-14
purus,Nam dui.,2023-12-23
ut,Nulla justo.,2024-01-17
id pretium iaculis,Etiam pretium iaculis justo. In hac habitasse platea dictumst. Etiam faucibus cursus urna.,2024-01-06
amet,"Maecenas rhoncus aliquam lacus. Morbi quis tortor id nulla ultrices aliquet. Maecenas leo odio, condimentum id, luctus nec, molestie sed, justo.",2024-01-13
vel pede,In eleifend quam a odio. In hac habitasse platea dictumst.,2022-10-05
proin,Phasellus in felis. Donec semper sapien a libero.,2022-12-11
luctus et ultrices posuere,"Morbi vel lectus in quam fringilla rhoncus. Mauris enim leo, rhoncus sed, vestibulum sit amet, cursus id, turpis. Integer aliquet, massa id lobortis convallis, tortor risus dapibus augue, vel accumsan tellus nisi eu orci.",2024-07-02
vestibulum ante,"Duis ac nibh. Fusce lacus purus, aliquet at, feugiat non, pretium quis, lectus.",2022-07-26
ornare consequat,Nulla tellus. In sagittis dui vel nisl. Duis ac nibh.,2023-01-18
porttitor,Vivamus in felis eu sapien cursus vestibulum. Proin eu mi. Nulla ac enim.,2024-12-24
dictumst etiam faucibus cursus urna,Vivamus vel nulla eget eros elementum pellentesque. Quisque porta volutpat erat.,2024-07-26
sapien cursus vestibulum,Nulla tempus. Vivamus in felis eu sapien cursus vestibulum. Proin eu mi.,2025-01-22
ornare consequat lectus,Aenean fermentum.,2024-10-18
at,Integer ac neque.,2022-07-02
et eros vestibulum ac,Mauris sit amet eros. Suspendisse accumsan tortor quis turpis. Sed ante.,2024-03-31
mi integer ac neque duis,"Donec diam neque, vestibulum eget, vulputate ut, ultrices vel, augue.",2024-08-07
amet justo morbi ut,"Vestibulum ante ipsum primis in faucibus orci luctus et ultrices posuere cubilia Curae; Donec pharetra, magna vestibulum aliquet ultrices, erat tortor sollicitudin mi, sit amet lobortis sapien sapien non mi. Integer ac neque.",2022-08-17
nisl nunc rhoncus,"Donec ut mauris eget massa tempor convallis. Nulla neque libero, convallis eget, eleifend luctus, ultricies eu, nibh. Quisque id justo sit amet sapien dignissim vestibulum.",2024-03-16
duis at velit eu,"Nulla neque libero, convallis eget, eleifend luctus, ultricies eu, nibh.",2023-09-23
nisl nunc nisl duis,Praesent blandit. Nam nulla.,2024-09-23
ac tellus semper,"Morbi odio odio, elementum eu, interdum eu, tincidunt in, leo.",2023-12-29
dapibus duis at velit,Ut tellus. Nulla ut erat id mauris vulputate elementum. Nullam varius.,2024-09-15
turpis elementum ligula vehicula,"Cum sociis natoque penatibus et magnis dis parturient montes, nascetur ridiculus mus. Etiam vel augue.",2024-04-22
proin at,"Vestibulum quam sapien, varius ut, blandit non, interdum in, ante. Vestibulum ante ipsum primis in faucibus orci luctus et ultrices posuere cubilia Curae; Duis faucibus accumsan odio.",2024-04-28
lacus at velit vivamus,"Maecenas rhoncus aliquam lacus. Morbi quis tortor id nulla ultrices aliquet. Maecenas leo odio, condimentum id, luctus nec, molestie sed, justo.",2023-10-19
proin,"Curabitur in libero ut massa volutpat convallis. Morbi odio odio, elementum eu, interdum eu, tincidunt in, leo.",2023-06-23
in quis justo maecenas rhoncus,Suspendisse potenti.,2024-04-18
bibendum imperdiet nullam orci pede,Vestibulum ante ipsum primis in faucibus orci luctus et ultrices posuere cubilia Curae; Mauris viverra diam vitae quam. Suspendisse potenti.,2025-02-28
sapien cum,Suspendisse potenti. In eleifend quam a odio.,2023-12-02
donec dapibus duis at velit,Duis consequat dui nec nisi volutpat eleifend. Donec ut dolor.,2024-10-22
at lorem,Duis bibendum.,2025-05-30
erat curabitur gravida,Etiam pretium iaculis justo. In hac habitasse platea dictumst. Etiam faucibus cursus urna.,2022-11-10
condimentum curabitur,"Nulla nisl. Nunc nisl. Duis bibendum, felis sed interdum venenatis, turpis enim blandit mi, in porttitor pede justo eu massa.",2023-06-22
ante vel,Praesent blandit. Nam nulla.,2024-06-11
elementum nullam varius,Aenean lectus. Pellentesque eget nunc.,2024-01-18
sem duis aliquam convallis nunc,"Morbi sem mauris, laoreet ut, rhoncus aliquet, pulvinar sed, nisl. Nunc rhoncus dui vel sem. Sed sagittis.",2023-06-11
potenti nullam porttitor lacus,Suspendisse potenti. Nullam porttitor lacus at turpis.,2024-12-17
vestibulum,Mauris sit amet eros.,2022-11-22
ornare consequat lectus in est,"Cras in purus eu magna vulputate luctus. Cum sociis natoque penatibus et magnis dis parturient montes, nascetur ridiculus mus. Vivamus vestibulum sagittis sapien.",2025-08-06
amet lobortis sapien sapien,Duis at velit eu est congue elementum.,2023-11-10
consequat,"Vestibulum ante ipsum primis in faucibus orci luctus et ultrices posuere cubilia Curae; Donec pharetra, magna vestibulum aliquet ultrices, erat tortor sollicitudin mi, sit amet lobortis sapien sapien non mi. Integer ac neque. Duis bibendum.",2024-02-21
ullamcorper purus sit amet,Pellentesque eget nunc. Donec quis orci eget orci vehicula condimentum.,2022-11-21
erat quisque erat eros,Morbi non lectus. Aliquam sit amet diam in magna bibendum imperdiet.,2023-06-24
vestibulum eget vulputate,Vivamus vestibulum sagittis sapien.,2024-07-03
nascetur ridiculus mus etiam,"Pellentesque ultrices mattis odio. Donec vitae nisi. Nam ultrices, libero non mattis pulvinar, nulla pede ullamcorper augue, a suscipit nulla elit ac nulla.",2023-11-07
sed vestibulum sit amet cursus,Etiam faucibus cursus urna. Ut tellus.,2023-01-14
luctus rutrum nulla,Etiam pretium iaculis justo. In hac habitasse platea dictumst.,2025-06-02
vulputate,Cras non velit nec nisi vulputate nonummy.,2025-07-01
ultrices posuere cubilia,Cras in purus eu magna vulputate luctus.,2024-05-16
primis in faucibus orci luctus,Phasellus in felis. Donec semper sapien a libero. Nam dui.,2024-07-17
eget eleifend luctus,"Nullam orci pede, venenatis non, sodales sed, tincidunt eu, felis. Fusce posuere felis sed lacus.",2025-03-20
curabitur at,Curabitur convallis. Duis consequat dui nec nisi volutpat eleifend. Donec ut dolor.,2024-07-22
mauris,Vestibulum ante ipsum primis in faucibus orci luctus et ultrices posuere cubilia Curae; Mauris viverra diam vitae quam.,2025-01-06
lacus morbi,Donec dapibus. Duis at velit eu est congue elementum.,2023-05-15
volutpat,Vivamus tortor. Duis mattis egestas metus.,2023-08-19
dictumst morbi vestibulum velit id,Nulla tellus. In sagittis dui vel nisl. Duis ac nibh.,2023-02-10
odio porttitor,Curabitur gravida nisi at nibh. In hac habitasse platea dictumst.,2023-07-03
mauris,"In hac habitasse platea dictumst. Aliquam augue quam, sollicitudin vitae, consectetuer eget, rutrum at, lorem. Integer tincidunt ante vel ipsum.",2024-10-03
quis turpis eget,"Integer non velit. Donec diam neque, vestibulum eget, vulputate ut, ultrices vel, augue. Vestibulum ante ipsum primis in faucibus orci luctus et ultrices posuere cubilia Curae; Donec pharetra, magna vestibulum aliquet ultrices, erat tortor sollicitudin mi, sit amet lobortis sapien sapien non mi.",2023-09-02
augue aliquam erat,Nunc purus. Phasellus in felis. Donec semper sapien a libero.,2023-10-09
consectetuer adipiscing elit proin,"Praesent blandit. Nam nulla. Integer pede justo, lacinia eget, tincidunt eget, tempus vel, pede.",2025-03-05
ultrices posuere,Etiam vel augue. Vestibulum rutrum rutrum neque.,2023-03-02
eros,Aenean lectus. Pellentesque eget nunc.,2022-08-26
volutpat,Maecenas ut massa quis augue luctus tincidunt. Nulla mollis molestie lorem. Quisque ut erat.,2022-07-26
amet cursus,"Integer pede justo, lacinia eget, tincidunt eget, tempus vel, pede.",2023-06-25
in hac habitasse,"Nam congue, risus semper porta volutpat, quam pede lobortis ligula, sit amet eleifend pede libero quis orci.",2025-02-02
praesent blandit nam nulla integer,"Suspendisse ornare consequat lectus. In est risus, auctor sed, tristique in, tempus sit amet, sem. Fusce consequat.",2024-08-13
eget rutrum at lorem,Curabitur convallis. Duis consequat dui nec nisi volutpat eleifend. Donec ut dolor.,2023-11-25
duis ac nibh,Praesent id massa id nisl venenatis lacinia. Aenean sit amet justo. Morbi ut odio.,2023-10-09
est,In sagittis dui vel nisl. Duis ac nibh.,2024-09-28
sed interdum venenatis turpis enim,"Integer aliquet, massa id lobortis convallis, tortor risus dapibus augue, vel accumsan tellus nisi eu orci.",2023-03-11
non lectus aliquam sit amet,Maecenas rhoncus aliquam lacus. Morbi quis tortor id nulla ultrices aliquet.,2024-03-10
vehicula consequat morbi a,Pellentesque ultrices mattis odio.,2024-04-29
nec sem duis,Nulla justo. Aliquam quis turpis eget elit sodales scelerisque. Mauris sit amet eros.,2023-07-17
turpis,Fusce consequat. Nulla nisl. Nunc nisl.,2024-11-07
faucibus cursus urna ut,Phasellus in felis.,2024-01-26
quisque porta volutpat erat quisque,"Donec quis orci eget orci vehicula condimentum. Curabitur in libero ut massa volutpat convallis. Morbi odio odio, elementum eu, interdum eu, tincidunt in, leo.",2024-04-04
erat fermentum justo,"Morbi vestibulum, velit id pretium iaculis, diam erat fermentum justo, nec condimentum neque sapien placerat ante.",2022-04-12
est lacinia,"Aenean fermentum. Donec ut mauris eget massa tempor convallis. Nulla neque libero, convallis eget, eleifend luctus, ultricies eu, nibh.",2023-04-01
facilisi cras non velit,Nulla tellus. In sagittis dui vel nisl. Duis ac nibh.,2022-07-27
cum sociis,"Donec ut dolor. Morbi vel lectus in quam fringilla rhoncus. Mauris enim leo, rhoncus sed, vestibulum sit amet, cursus id, turpis.",2022-07-23
proin eu mi,"Maecenas tristique, est et tempus semper, est quam pharetra magna, ac consequat metus sapien ut nunc. Vestibulum ante ipsum primis in faucibus orci luctus et ultrices posuere cubilia Curae; Mauris viverra diam vitae quam.",2023-05-01
vestibulum aliquet,Donec dapibus. Duis at velit eu est congue elementum.,2023-03-19
ut,Suspendisse potenti.,2024-05-29
aliquam lacus morbi quis tortor,"Morbi ut odio. Cras mi pede, malesuada in, imperdiet et, commodo vulputate, justo.",2023-09-03
tortor quis turpis sed ante,Suspendisse accumsan tortor quis turpis.,2024-07-17
at ipsum,"In blandit ultrices enim. Lorem ipsum dolor sit amet, consectetuer adipiscing elit. Proin interdum mauris non ligula pellentesque ultrices.",2023-01-18
felis sed interdum venenatis turpis,In quis justo.,2024-07-21
platea dictumst,Donec semper sapien a libero. Nam dui.,2023-02-24
odio in,Nulla mollis molestie lorem. Quisque ut erat. Curabitur gravida nisi at nibh.,2022-08-01
eget elit sodales scelerisque,Nam dui.,2023-09-18
at,Nulla mollis molestie lorem. Quisque ut erat. Curabitur gravida nisi at nibh.,2024-10-30
libero rutrum ac lobortis,Etiam justo. Etiam pretium iaculis justo.,2023-05-17
velit vivamus,"Quisque id justo sit amet sapien dignissim vestibulum. Vestibulum ante ipsum primis in faucibus orci luctus et ultrices posuere cubilia Curae; Nulla dapibus dolor vel est. Donec odio justo, sollicitudin ut, suscipit a, feugiat et, eros.",2024-02-18
diam id ornare imperdiet,"Quisque erat eros, viverra eget, congue eget, semper rutrum, nulla. Nunc purus. Phasellus in felis.",2025-05-07
lacus curabitur at ipsum,"Proin risus. Praesent lectus. Vestibulum quam sapien, varius ut, blandit non, interdum in, ante.",2025-01-05
massa,"Vestibulum ante ipsum primis in faucibus orci luctus et ultrices posuere cubilia Curae; Nulla dapibus dolor vel est. Donec odio justo, sollicitudin ut, suscipit a, feugiat et, eros. Vestibulum ac est lacinia nisi venenatis tristique.",2023-10-26
ornare consequat lectus,Proin at turpis a pede posuere nonummy.,2025-04-13
non pretium,Nulla facilisi. Cras non velit nec nisi vulputate nonummy. Maecenas tincidunt lacus at velit.,2024-12-03
tincidunt eget,In eleifend quam a odio. In hac habitasse platea dictumst. Maecenas ut massa quis augue luctus tincidunt.,2022-09-13
morbi odio odio elementum,Morbi vel lectus in quam fringilla rhoncus.,2022-11-25
integer,"Maecenas rhoncus aliquam lacus. Morbi quis tortor id nulla ultrices aliquet. Maecenas leo odio, condimentum id, luctus nec, molestie sed, justo.",2024-05-04
nibh in hac habitasse platea,Vestibulum rutrum rutrum neque. Aenean auctor gravida sem. Praesent id massa id nisl venenatis lacinia.,2023-05-30
rutrum,Aenean fermentum.,2024-12-02
odio,Praesent blandit.,2025-06-14
donec odio justo sollicitudin,"Vivamus vestibulum sagittis sapien. Cum sociis natoque penatibus et magnis dis parturient montes, nascetur ridiculus mus. Etiam vel augue.",2023-05-08
vitae nisi nam,"Fusce congue, diam id ornare imperdiet, sapien urna pretium nisl, ut volutpat sapien arcu sed augue. Aliquam erat volutpat. In congue.",2022-07-02
vestibulum ac est lacinia nisi,"In hac habitasse platea dictumst. Morbi vestibulum, velit id pretium iaculis, diam erat fermentum justo, nec condimentum neque sapien placerat ante.",2025-03-10
sit amet sapien dignissim,Duis at velit eu est congue elementum.,2023-10-20
convallis eget,Maecenas pulvinar lobortis est. Phasellus sit amet erat. Nulla tempus.,2024-01-03
mi,In hac habitasse platea dictumst. Etiam faucibus cursus urna. Ut tellus.,2024-10-08
vitae ipsum aliquam non mauris,"Proin leo odio, porttitor id, consequat in, consequat ut, nulla. Sed accumsan felis.",2023-01-05
magna at nunc commodo placerat,Aenean auctor gravida sem. Praesent id massa id nisl venenatis lacinia. Aenean sit amet justo.,2025-06-22
morbi,"In hac habitasse platea dictumst. Aliquam augue quam, sollicitudin vitae, consectetuer eget, rutrum at, lorem.",2022-11-29
ridiculus mus vivamus vestibulum sagittis,Nulla ut erat id mauris vulputate elementum.,2022-04-13
pede ullamcorper,"Nam ultrices, libero non mattis pulvinar, nulla pede ullamcorper augue, a suscipit nulla elit ac nulla. Sed vel enim sit amet nunc viverra dapibus. Nulla suscipit ligula in lacus.",2022-11-29
id,Sed ante.,2022-07-28
adipiscing,Suspendisse potenti.,2023-02-17
pulvinar lobortis est,Nullam varius. Nulla facilisi.,2023-09-22
aliquet ultrices erat tortor,Nunc purus.,2023-05-15
volutpat eleifend donec ut dolor,"Suspendisse potenti. Cras in purus eu magna vulputate luctus. Cum sociis natoque penatibus et magnis dis parturient montes, nascetur ridiculus mus.",2024-11-11
habitasse platea,Aliquam quis turpis eget elit sodales scelerisque.,2025-06-27
nulla,Maecenas tincidunt lacus at velit.,2023-03-09
congue eget semper rutrum nulla,Duis bibendum. Morbi non quam nec dui luctus rutrum.,2023-10-29
tempus semper est quam pharetra,Aliquam non mauris. Morbi non lectus. Aliquam sit amet diam in magna bibendum imperdiet.,2023-03-05
aliquet ultrices,Suspendisse potenti. Nullam porttitor lacus at turpis. Donec posuere metus vitae ipsum.,2024-04-25
in tempor turpis nec euismod,Vestibulum ante ipsum primis in faucibus orci luctus et ultrices posuere cubilia Curae; Nulla dapibus dolor vel est.,2023-09-30
morbi vestibulum velit id,Duis mattis egestas metus.,2024-05-13
odio odio elementum,Phasellus sit amet erat.,2023-02-16
sed tristique in tempus sit,"Aliquam augue quam, sollicitudin vitae, consectetuer eget, rutrum at, lorem.",2024-04-18
sapien varius ut blandit,"Suspendisse ornare consequat lectus. In est risus, auctor sed, tristique in, tempus sit amet, sem.",2022-03-22
penatibus et magnis,"Morbi vestibulum, velit id pretium iaculis, diam erat fermentum justo, nec condimentum neque sapien placerat ante.",2022-08-11
fusce,"Morbi vestibulum, velit id pretium iaculis, diam erat fermentum justo, nec condimentum neque sapien placerat ante.",2024-05-15
ut massa volutpat,Nulla justo. Aliquam quis turpis eget elit sodales scelerisque.,2024-11-09
nullam molestie nibh in,Duis mattis egestas metus.,2023-06-06
vel augue vestibulum,Sed accumsan felis.,2023-02-22
porta,"Aliquam augue quam, sollicitudin vitae, consectetuer eget, rutrum at, lorem.",2025-10-14
orci,"Suspendisse ornare consequat lectus. In est risus, auctor sed, tristique in, tempus sit amet, sem.",2024-10-03
convallis duis consequat dui nec,"Morbi vestibulum, velit id pretium iaculis, diam erat fermentum justo, nec condimentum neque sapien placerat ante. Nulla justo. Aliquam quis turpis eget elit sodales scelerisque.",2024-06-28
sapien varius ut,"Cras mi pede, malesuada in, imperdiet et, commodo vulputate, justo. In blandit ultrices enim. Lorem ipsum dolor sit amet, consectetuer adipiscing elit.",2023-12-13
turpis integer aliquet massa id,Pellentesque eget nunc. Donec quis orci eget orci vehicula condimentum. Curabitur in libero ut massa volutpat convallis.,2023-11-04
sem praesent id massa id,Nulla tellus.,2024-05-02
eget vulputate ut ultrices vel,"Curabitur gravida nisi at nibh. In hac habitasse platea dictumst. Aliquam augue quam, sollicitudin vitae, consectetuer eget, rutrum at, lorem.",2024-01-14
nulla ut erat id,"Lorem ipsum dolor sit amet, consectetuer adipiscing elit.",2022-08-12
habitasse platea dictumst,"Morbi odio odio, elementum eu, interdum eu, tincidunt in, leo. Maecenas pulvinar lobortis est. Phasellus sit amet erat.",2025-10-29
vel accumsan,Cras non velit nec nisi vulputate nonummy. Maecenas tincidunt lacus at velit. Vivamus vel nulla eget eros elementum pellentesque.,2025-08-14
vitae nisi nam,"Integer aliquet, massa id lobortis convallis, tortor risus dapibus augue, vel accumsan tellus nisi eu orci.",2023-04-13
mattis nibh ligula nec sem,"Vestibulum ante ipsum primis in faucibus orci luctus et ultrices posuere cubilia Curae; Donec pharetra, magna vestibulum aliquet ultrices, erat tortor sollicitudin mi, sit amet lobortis sapien sapien non mi. Integer ac neque.",2025-02-16
sapien sapien non mi integer,Integer a nibh. In quis justo.,2022-10-18
quam sollicitudin vitae,Nulla facilisi. Cras non velit nec nisi vulputate nonummy. Maecenas tincidunt lacus at velit.,2022-05-03
morbi non lectus,Suspendisse potenti.,2023-09-26
mattis pulvinar nulla pede,"Donec quis orci eget orci vehicula condimentum. Curabitur in libero ut massa volutpat convallis. Morbi odio odio, elementum eu, interdum eu, tincidunt in, leo.",2023-04-17
pellentesque,"Morbi odio odio, elementum eu, interdum eu, tincidunt in, leo. Maecenas pulvinar lobortis est. Phasellus sit amet erat.",2024-06-19
ante vel,"Lorem ipsum dolor sit amet, consectetuer adipiscing elit. Proin risus. Praesent lectus.",2025-01-18
viverra eget congue,Mauris ullamcorper purus sit amet nulla.,2023-10-18
curae duis faucibus accumsan odio,Praesent id massa id nisl venenatis lacinia. Aenean sit amet justo.,2023-03-19
et ultrices posuere cubilia,Nulla facilisi.,2023-05-14
dictumst,"Quisque porta volutpat erat. Quisque erat eros, viverra eget, congue eget, semper rutrum, nulla. Nunc purus.",2024-11-13
duis bibendum,Nulla justo.,2023-08-15
sapien in sapien iaculis congue,Duis aliquam convallis nunc. Proin at turpis a pede posuere nonummy.,2024-11-29
id lobortis convallis,In quis justo.,2023-11-03
vulputate ut ultrices,"Morbi vestibulum, velit id pretium iaculis, diam erat fermentum justo, nec condimentum neque sapien placerat ante. Nulla justo.",2023-06-11
porttitor lacus at turpis,"Mauris ullamcorper purus sit amet nulla. Quisque arcu libero, rutrum ac, lobortis vel, dapibus at, diam.",2023-08-18
in hac habitasse platea,Nulla suscipit ligula in lacus.,2025-05-02
cras,Morbi ut odio.,2022-12-26
posuere cubilia curae,Vivamus tortor. Duis mattis egestas metus.,2025-08-05
vestibulum ante,Duis bibendum. Morbi non quam nec dui luctus rutrum.,2024-07-22
nunc,Donec dapibus.,2023-11-26
blandit lacinia erat,Morbi vel lectus in quam fringilla rhoncus.,2023-07-02
ac enim in,Praesent blandit.,2024-03-14
quis tortor id nulla ultrices,Proin eu mi. Nulla ac enim.,2023-06-24
pulvinar lobortis est,Vivamus tortor.,2025-10-17
primis,Nam nulla.,2022-05-21
nisi,Morbi a ipsum.,2023-10-23
justo in hac,Nulla mollis molestie lorem.,2025-12-08
erat quisque erat eros viverra,"Lorem ipsum dolor sit amet, consectetuer adipiscing elit. Proin risus. Praesent lectus.",2022-02-05
amet,Integer ac neque. Duis bibendum.,2025-04-06
vehicula condimentum curabitur,"Lorem ipsum dolor sit amet, consectetuer adipiscing elit. Proin risus.",2024-09-09
a libero nam dui,In quis justo. Maecenas rhoncus aliquam lacus. Morbi quis tortor id nulla ultrices aliquet.,2023-11-15
vehicula condimentum curabitur in libero,Curabitur in libero ut massa volutpat convallis.,2023-11-26
quam fringilla rhoncus,"Vestibulum quam sapien, varius ut, blandit non, interdum in, ante. Vestibulum ante ipsum primis in faucibus orci luctus et ultrices posuere cubilia Curae; Duis faucibus accumsan odio.",2024-04-03
nisi,Sed accumsan felis. Ut at dolor quis odio consequat varius.,2024-12-25
nonummy,Duis aliquam convallis nunc. Proin at turpis a pede posuere nonummy.,2025-03-06
fermentum justo nec condimentum,"Cras mi pede, malesuada in, imperdiet et, commodo vulputate, justo. In blandit ultrices enim.",2023-09-21
non interdum in,Nam tristique tortor eu pede.,2024-03-03
et ultrices posuere cubilia,Etiam justo. Etiam pretium iaculis justo.,2024-07-22
dui maecenas tristique est et,"Proin risus. Praesent lectus. Vestibulum quam sapien, varius ut, blandit non, interdum in, ante.",2024-12-19
faucibus orci luctus et ultrices,Aenean lectus. Pellentesque eget nunc.,2024-09-01
auctor sed,In hac habitasse platea dictumst.,2022-03-20
adipiscing,"Sed sagittis. Nam congue, risus semper porta volutpat, quam pede lobortis ligula, sit amet eleifend pede libero quis orci. Nullam molestie nibh in lectus.",2024-09-04
justo in blandit,In congue. Etiam justo. Etiam pretium iaculis justo.,2022-10-19
quis lectus suspendisse potenti in,"Fusce congue, diam id ornare imperdiet, sapien urna pretium nisl, ut volutpat sapien arcu sed augue. Aliquam erat volutpat.",2023-02-01
eget vulputate ut ultrices,In congue. Etiam justo.,2024-02-20
ut volutpat,"Donec diam neque, vestibulum eget, vulputate ut, ultrices vel, augue. Vestibulum ante ipsum primis in faucibus orci luctus et ultrices posuere cubilia Curae; Donec pharetra, magna vestibulum aliquet ultrices, erat tortor sollicitudin mi, sit amet lobortis sapien sapien non mi. Integer ac neque.",2024-01-06
nulla,Aenean lectus.,2023-09-10
pretium,"Quisque erat eros, viverra eget, congue eget, semper rutrum, nulla. Nunc purus.",2022-04-22
eu,Etiam vel augue.,2024-09-14
turpis elementum ligula,"In est risus, auctor sed, tristique in, tempus sit amet, sem. Fusce consequat.",2024-05-22
rutrum neque aenean auctor,Morbi non quam nec dui luctus rutrum.,2022-07-02
massa volutpat convallis morbi,Etiam justo. Etiam pretium iaculis justo. In hac habitasse platea dictumst.,2022-09-16
morbi ut odio cras mi,Pellentesque eget nunc. Donec quis orci eget orci vehicula condimentum.,2024-04-16
donec ut dolor morbi,Sed ante. Vivamus tortor.,2022-03-26
amet sapien dignissim,"Vestibulum ante ipsum primis in faucibus orci luctus et ultrices posuere cubilia Curae; Donec pharetra, magna vestibulum aliquet ultrices, erat tortor sollicitudin mi, sit amet lobortis sapien sapien non mi.",2022-11-01
fusce posuere felis sed lacus,"In blandit ultrices enim. Lorem ipsum dolor sit amet, consectetuer adipiscing elit. Proin interdum mauris non ligula pellentesque ultrices.",2024-04-11
blandit lacinia erat vestibulum sed,Pellentesque viverra pede ac diam. Cras pellentesque volutpat dui.,2024-02-07
nam nulla integer,Vivamus vestibulum sagittis sapien.,2023-06-19
dictumst aliquam augue quam,"Donec odio justo, sollicitudin ut, suscipit a, feugiat et, eros. Vestibulum ac est lacinia nisi venenatis tristique.",2023-08-06
tincidunt eget tempus,Nulla tellus. In sagittis dui vel nisl.,2024-05-22
lorem integer tincidunt,Donec dapibus. Duis at velit eu est congue elementum. In hac habitasse platea dictumst.,2024-04-18
lectus in quam fringilla,"Morbi vel lectus in quam fringilla rhoncus. Mauris enim leo, rhoncus sed, vestibulum sit amet, cursus id, turpis.",2025-07-07
sit,Integer ac leo. Pellentesque ultrices mattis odio. Donec vitae nisi.,2024-03-10
venenatis turpis,Curabitur in libero ut massa volutpat convallis.,2023-09-24
primis in faucibus orci,"Lorem ipsum dolor sit amet, consectetuer adipiscing elit.",2024-09-04
nulla,Nam tristique tortor eu pede.,2023-06-06
quisque erat eros,"Lorem ipsum dolor sit amet, consectetuer adipiscing elit.",2025-03-23
lacinia sapien quis,Nulla justo. Aliquam quis turpis eget elit sodales scelerisque. Mauris sit amet eros.,2023-12-26
id nulla ultrices aliquet maecenas,Mauris lacinia sapien quis libero.,2024-03-30
congue etiam justo,Mauris ullamcorper purus sit amet nulla.,2022-04-22
consequat lectus in est,Curabitur convallis. Duis consequat dui nec nisi volutpat eleifend. Donec ut dolor.,2024-11-11
sed justo pellentesque viverra pede,Integer ac leo. Pellentesque ultrices mattis odio. Donec vitae nisi.,2025-04-16
duis,"In hac habitasse platea dictumst. Morbi vestibulum, velit id pretium iaculis, diam erat fermentum justo, nec condimentum neque sapien placerat ante.",2023-02-15
proin interdum mauris,"Duis bibendum, felis sed interdum venenatis, turpis enim blandit mi, in porttitor pede justo eu massa. Donec dapibus. Duis at velit eu est congue elementum.",2023-08-11
mollis,Maecenas tincidunt lacus at velit.,2025-01-21
a ipsum integer a,"Cum sociis natoque penatibus et magnis dis parturient montes, nascetur ridiculus mus. Vivamus vestibulum sagittis sapien. Cum sociis natoque penatibus et magnis dis parturient montes, nascetur ridiculus mus.",2022-12-18
nisl nunc,Nullam porttitor lacus at turpis.,2023-03-31
cubilia curae mauris viverra diam,Etiam justo. Etiam pretium iaculis justo. In hac habitasse platea dictumst.,2023-01-28
curabitur at ipsum,Proin interdum mauris non ligula pellentesque ultrices. Phasellus id sapien in sapien iaculis congue.,2024-03-29
morbi vel lectus in quam,"Fusce posuere felis sed lacus. Morbi sem mauris, laoreet ut, rhoncus aliquet, pulvinar sed, nisl.",2025-06-26
et eros vestibulum ac,Etiam justo. Etiam pretium iaculis justo. In hac habitasse platea dictumst.,2025-05-14
nec,Integer tincidunt ante vel ipsum. Praesent blandit lacinia erat.,2022-05-20
massa id lobortis convallis tortor,"Proin leo odio, porttitor id, consequat in, consequat ut, nulla.",2024-05-14
quisque porta volutpat erat quisque,"Duis ac nibh. Fusce lacus purus, aliquet at, feugiat non, pretium quis, lectus.",2024-01-09
massa,Suspendisse potenti.,2023-06-19
rhoncus dui vel sem sed,Pellentesque eget nunc. Donec quis orci eget orci vehicula condimentum. Curabitur in libero ut massa volutpat convallis.,2025-06-13
ultrices posuere cubilia,Pellentesque eget nunc. Donec quis orci eget orci vehicula condimentum.,2022-07-23
fermentum justo nec condimentum,Nunc purus. Phasellus in felis.,2023-02-11
adipiscing lorem vitae,Vivamus vel nulla eget eros elementum pellentesque.,2024-03-22
pede morbi porttitor,Quisque ut erat. Curabitur gravida nisi at nibh. In hac habitasse platea dictumst.,2023-07-01
phasellus id,Duis consequat dui nec nisi volutpat eleifend. Donec ut dolor.,2024-05-30
est lacinia nisi venenatis,Morbi porttitor lorem id ligula. Suspendisse ornare consequat lectus.,2022-09-17
amet eleifend pede libero quis,"Aenean sit amet justo. Morbi ut odio. Cras mi pede, malesuada in, imperdiet et, commodo vulputate, justo.",2023-01-20
nisl,"Donec ut dolor. Morbi vel lectus in quam fringilla rhoncus. Mauris enim leo, rhoncus sed, vestibulum sit amet, cursus id, turpis.",2022-10-31
tincidunt lacus,"Quisque arcu libero, rutrum ac, lobortis vel, dapibus at, diam. Nam tristique tortor eu pede.",2024-02-29
mauris morbi non lectus,"Donec odio justo, sollicitudin ut, suscipit a, feugiat et, eros. Vestibulum ac est lacinia nisi venenatis tristique. Fusce congue, diam id ornare imperdiet, sapien urna pretium nisl, ut volutpat sapien arcu sed augue.",2023-01-08
tellus in sagittis dui vel,"Nunc rhoncus dui vel sem. Sed sagittis. Nam congue, risus semper porta volutpat, quam pede lobortis ligula, sit amet eleifend pede libero quis orci.",2025-01-14
donec odio justo,Nulla ut erat id mauris vulputate elementum.,2024-04-24
eu sapien cursus vestibulum,Suspendisse potenti.,2024-05-30
volutpat dui maecenas tristique est,Nullam sit amet turpis elementum ligula vehicula consequat. Morbi a ipsum.,2024-11-01
non quam nec dui,"Morbi vel lectus in quam fringilla rhoncus. Mauris enim leo, rhoncus sed, vestibulum sit amet, cursus id, turpis. Integer aliquet, massa id lobortis convallis, tortor risus dapibus augue, vel accumsan tellus nisi eu orci.",2023-05-01
tincidunt nulla mollis,Integer ac neque.,2025-03-01
suspendisse ornare consequat,Praesent lectus.,2024-05-07
felis sed interdum venenatis turpis,Aliquam erat volutpat. In congue.,2024-03-09
dolor sit amet consectetuer adipiscing,"Fusce congue, diam id ornare imperdiet, sapien urna pretium nisl, ut volutpat sapien arcu sed augue.",2022-11-14
sapien quis libero,Suspendisse potenti. In eleifend quam a odio.,2024-02-12
magna,Integer tincidunt ante vel ipsum. Praesent blandit lacinia erat.,2022-11-08
eros elementum,"Morbi vestibulum, velit id pretium iaculis, diam erat fermentum justo, nec condimentum neque sapien placerat ante. Nulla justo. Aliquam quis turpis eget elit sodales scelerisque.",2024-03-15
nisl nunc,"Curabitur gravida nisi at nibh. In hac habitasse platea dictumst. Aliquam augue quam, sollicitudin vitae, consectetuer eget, rutrum at, lorem.",2025-04-12
convallis,Quisque ut erat. Curabitur gravida nisi at nibh.,2023-01-09
scelerisque mauris sit,Donec ut mauris eget massa tempor convallis.,2024-01-06
vivamus metus,"Nam ultrices, libero non mattis pulvinar, nulla pede ullamcorper augue, a suscipit nulla elit ac nulla. Sed vel enim sit amet nunc viverra dapibus.",2022-06-24
a suscipit nulla,"Quisque porta volutpat erat. Quisque erat eros, viverra eget, congue eget, semper rutrum, nulla. Nunc purus.",2025-05-19
suspendisse accumsan tortor,Aliquam quis turpis eget elit sodales scelerisque.,2023-01-31
hac,Pellentesque at nulla. Suspendisse potenti. Cras in purus eu magna vulputate luctus.,2023-11-06
justo nec condimentum,Maecenas rhoncus aliquam lacus. Morbi quis tortor id nulla ultrices aliquet.,2024-02-22
dictumst maecenas ut massa,Duis bibendum. Morbi non quam nec dui luctus rutrum.,2025-05-31
in,Maecenas rhoncus aliquam lacus.,2023-05-17
iaculis diam erat,Praesent blandit.,2023-05-23
ipsum aliquam non,Phasellus sit amet erat. Nulla tempus.,2024-09-11
tellus in,"Vestibulum ante ipsum primis in faucibus orci luctus et ultrices posuere cubilia Curae; Nulla dapibus dolor vel est. Donec odio justo, sollicitudin ut, suscipit a, feugiat et, eros.",2025-01-17
eget vulputate,Aliquam sit amet diam in magna bibendum imperdiet.,2023-02-01
vestibulum sed magna at,Suspendisse potenti. In eleifend quam a odio. In hac habitasse platea dictumst.,2023-03-31
ullamcorper purus sit amet,Vestibulum ac est lacinia nisi venenatis tristique.,2025-10-08
pede justo,Nulla suscipit ligula in lacus. Curabitur at ipsum ac tellus semper interdum.,2022-09-26
pede venenatis non sodales,Sed ante. Vivamus tortor.,2023-02-18
primis in faucibus orci luctus,Etiam vel augue. Vestibulum rutrum rutrum neque. Aenean auctor gravida sem.,2024-04-03
congue etiam,Fusce posuere felis sed lacus.,2024-09-29
sed tristique in tempus,"Nullam orci pede, venenatis non, sodales sed, tincidunt eu, felis. Fusce posuere felis sed lacus. Morbi sem mauris, laoreet ut, rhoncus aliquet, pulvinar sed, nisl.",2024-01-16
amet,"Vestibulum quam sapien, varius ut, blandit non, interdum in, ante. Vestibulum ante ipsum primis in faucibus orci luctus et ultrices posuere cubilia Curae; Duis faucibus accumsan odio.",2023-04-25
leo,Nullam varius.,2025-01-08
semper porta volutpat quam pede,Vestibulum sed magna at nunc commodo placerat.,2023-06-26
ut mauris eget massa tempor,"Integer aliquet, massa id lobortis convallis, tortor risus dapibus augue, vel accumsan tellus nisi eu orci.",2022-09-19
accumsan tortor quis turpis sed,Maecenas pulvinar lobortis est. Phasellus sit amet erat. Nulla tempus.,2022-07-27
porttitor lorem id ligula suspendisse,"In hac habitasse platea dictumst. Aliquam augue quam, sollicitudin vitae, consectetuer eget, rutrum at, lorem.",2023-07-02
in,Nulla ut erat id mauris vulputate elementum. Nullam varius. Nulla facilisi.,2023-02-09
sem praesent id,In blandit ultrices enim.,2023-04-09
ultrices,Morbi porttitor lorem id ligula.,2023-03-15
pede ac diam,"Maecenas tristique, est et tempus semper, est quam pharetra magna, ac consequat metus sapien ut nunc.",2023-10-24
ac leo,Aenean sit amet justo.,2025-02-25
consectetuer adipiscing,Cras non velit nec nisi vulputate nonummy. Maecenas tincidunt lacus at velit. Vivamus vel nulla eget eros elementum pellentesque.,2023-12-20
feugiat et eros,Nulla mollis molestie lorem. Quisque ut erat.,2022-02-10
aenean lectus,In congue. Etiam justo. Etiam pretium iaculis justo.,2024-02-13
curae mauris viverra,Nam dui.,2025-06-27
rutrum ac lobortis,Maecenas pulvinar lobortis est.,2022-07-12
etiam vel augue vestibulum rutrum,Ut at dolor quis odio consequat varius. Integer ac leo.,2024-01-14
aliquet maecenas leo,"In blandit ultrices enim. Lorem ipsum dolor sit amet, consectetuer adipiscing elit.",2024-04-26
amet justo morbi ut odio,"Integer aliquet, massa id lobortis convallis, tortor risus dapibus augue, vel accumsan tellus nisi eu orci. Mauris lacinia sapien quis libero.",2023-06-23
montes nascetur ridiculus mus,"Nam nulla. Integer pede justo, lacinia eget, tincidunt eget, tempus vel, pede.",2023-09-14
cursus id,"Fusce lacus purus, aliquet at, feugiat non, pretium quis, lectus. Suspendisse potenti.",2022-09-15
fermentum donec ut mauris eget,"Vestibulum ante ipsum primis in faucibus orci luctus et ultrices posuere cubilia Curae; Donec pharetra, magna vestibulum aliquet ultrices, erat tortor sollicitudin mi, sit amet lobortis sapien sapien non mi. Integer ac neque. Duis bibendum.",2025-08-06
enim in,Donec ut dolor. Morbi vel lectus in quam fringilla rhoncus.,2023-10-16
quis orci,Nulla ut erat id mauris vulputate elementum. Nullam varius.,2024-08-28
duis at velit,"Cras in purus eu magna vulputate luctus. Cum sociis natoque penatibus et magnis dis parturient montes, nascetur ridiculus mus. Vivamus vestibulum sagittis sapien.",2024-01-29
et ultrices posuere cubilia,Quisque id justo sit amet sapien dignissim vestibulum. Vestibulum ante ipsum primis in faucibus orci luctus et ultrices posuere cubilia Curae; Nulla dapibus dolor vel est.,2023-11-01
ultrices,Aliquam quis turpis eget elit sodales scelerisque.,2024-10-09
metus,"Cras in purus eu magna vulputate luctus. Cum sociis natoque penatibus et magnis dis parturient montes, nascetur ridiculus mus.",2023-06-05
enim leo,"Sed sagittis. Nam congue, risus semper porta volutpat, quam pede lobortis ligula, sit amet eleifend pede libero quis orci. Nullam molestie nibh in lectus.",2023-12-24
elementum,"Cum sociis natoque penatibus et magnis dis parturient montes, nascetur ridiculus mus. Etiam vel augue.",2023-02-19
posuere nonummy integer non,"Nam nulla. Integer pede justo, lacinia eget, tincidunt eget, tempus vel, pede. Morbi porttitor lorem id ligula.",2023-05-20
tincidunt eget tempus vel pede,Aliquam erat volutpat. In congue.,2024-12-21
amet nulla quisque arcu,Morbi a ipsum.,2023-07-01
sapien placerat,"In tempor, turpis nec euismod scelerisque, quam turpis adipiscing lorem, vitae mattis nibh ligula nec sem.",2023-12-16
cras pellentesque,Etiam faucibus cursus urna. Ut tellus.,2023-01-05
imperdiet nullam orci pede,Curabitur at ipsum ac tellus semper interdum.,2024-04-03
nisl nunc rhoncus dui vel,In eleifend quam a odio. In hac habitasse platea dictumst.,2024-05-15
elit proin interdum,"Lorem ipsum dolor sit amet, consectetuer adipiscing elit. Proin risus. Praesent lectus.",2023-12-04
sed tincidunt eu,Morbi porttitor lorem id ligula.,2023-11-16
ante,"Mauris enim leo, rhoncus sed, vestibulum sit amet, cursus id, turpis. Integer aliquet, massa id lobortis convallis, tortor risus dapibus augue, vel accumsan tellus nisi eu orci.",2024-12-23
cursus id turpis integer aliquet,"In hac habitasse platea dictumst. Morbi vestibulum, velit id pretium iaculis, diam erat fermentum justo, nec condimentum neque sapien placerat ante. Nulla justo.",2025-06-06
sagittis sapien,Pellentesque at nulla. Suspendisse potenti. Cras in purus eu magna vulputate luctus.,2025-03-09
diam nam tristique tortor eu,Curabitur gravida nisi at nibh.,2025-07-08
sagittis dui vel nisl duis,Nullam sit amet turpis elementum ligula vehicula consequat. Morbi a ipsum.,2025-02-24
etiam justo,"Maecenas tristique, est et tempus semper, est quam pharetra magna, ac consequat metus sapien ut nunc.",2024-07-09
luctus et,In hac habitasse platea dictumst.,2023-01-13
adipiscing lorem vitae mattis nibh,Nullam porttitor lacus at turpis.,2023-12-24
donec ut dolor morbi vel,Sed vel enim sit amet nunc viverra dapibus. Nulla suscipit ligula in lacus.,2023-11-24
tellus in sagittis dui vel,"Mauris enim leo, rhoncus sed, vestibulum sit amet, cursus id, turpis. Integer aliquet, massa id lobortis convallis, tortor risus dapibus augue, vel accumsan tellus nisi eu orci. Mauris lacinia sapien quis libero.",2023-06-16
donec vitae nisi,Maecenas rhoncus aliquam lacus.,2024-12-13
felis ut at dolor,In quis justo. Maecenas rhoncus aliquam lacus. Morbi quis tortor id nulla ultrices aliquet.,2022-03-21
tellus,Phasellus in felis. Donec semper sapien a libero.,2024-10-24
eu est,"Nam ultrices, libero non mattis pulvinar, nulla pede ullamcorper augue, a suscipit nulla elit ac nulla.",2025-02-26
primis in faucibus orci,"Morbi sem mauris, laoreet ut, rhoncus aliquet, pulvinar sed, nisl. Nunc rhoncus dui vel sem. Sed sagittis.",2023-09-27
nascetur ridiculus mus,Morbi vel lectus in quam fringilla rhoncus.,2025-08-25
tincidunt ante vel ipsum praesent,"Lorem ipsum dolor sit amet, consectetuer adipiscing elit.",2025-09-29
pharetra magna vestibulum aliquet ultrices,"In tempor, turpis nec euismod scelerisque, quam turpis adipiscing lorem, vitae mattis nibh ligula nec sem. Duis aliquam convallis nunc.",2025-06-20
est risus,"Donec vitae nisi. Nam ultrices, libero non mattis pulvinar, nulla pede ullamcorper augue, a suscipit nulla elit ac nulla.",2025-06-04
odio curabitur,Morbi non lectus.,2023-04-23
pellentesque volutpat dui maecenas tristique,Vestibulum ante ipsum primis in faucibus orci luctus et ultrices posuere cubilia Curae; Mauris viverra diam vitae quam. Suspendisse potenti.,2024-07-04
integer ac leo pellentesque,Vestibulum ante ipsum primis in faucibus orci luctus et ultrices posuere cubilia Curae; Duis faucibus accumsan odio. Curabitur convallis. Duis consequat dui nec nisi volutpat eleifend.,2022-10-15
pretium iaculis diam erat fermentum,"Cum sociis natoque penatibus et magnis dis parturient montes, nascetur ridiculus mus. Etiam vel augue. Vestibulum rutrum rutrum neque.",2023-10-20
sollicitudin vitae consectetuer,Etiam vel augue.,2023-06-26
nec nisi vulputate,Nunc nisl.,2022-04-30
morbi porttitor lorem id ligula,Proin eu mi.,2022-11-02
posuere felis,Morbi non lectus. Aliquam sit amet diam in magna bibendum imperdiet.,2025-02-09
dui,"Nam ultrices, libero non mattis pulvinar, nulla pede ullamcorper augue, a suscipit nulla elit ac nulla. Sed vel enim sit amet nunc viverra dapibus.",2025-02-06
quam a odio in,Aenean auctor gravida sem. Praesent id massa id nisl venenatis lacinia. Aenean sit amet justo.,2024-04-18
ornare,"Vestibulum ante ipsum primis in faucibus orci luctus et ultrices posuere cubilia Curae; Nulla dapibus dolor vel est. Donec odio justo, sollicitudin ut, suscipit a, feugiat et, eros.",2023-08-03
enim blandit mi in,Duis bibendum. Morbi non quam nec dui luctus rutrum.,2023-05-29
pulvinar,In eleifend quam a odio. In hac habitasse platea dictumst. Maecenas ut massa quis augue luctus tincidunt.,2023-01-16
quis tortor id,"Fusce posuere felis sed lacus. Morbi sem mauris, laoreet ut, rhoncus aliquet, pulvinar sed, nisl.",2024-09-16
massa,Integer a nibh.,2022-08-17
mattis,"Cras pellentesque volutpat dui. Maecenas tristique, est et tempus semper, est quam pharetra magna, ac consequat metus sapien ut nunc. Vestibulum ante ipsum primis in faucibus orci luctus et ultrices posuere cubilia Curae; Mauris viverra diam vitae quam.",2023-11-18
nulla tempus vivamus in felis,"Morbi sem mauris, laoreet ut, rhoncus aliquet, pulvinar sed, nisl. Nunc rhoncus dui vel sem. Sed sagittis.",2024-05-16
tincidunt nulla mollis molestie lorem,Integer ac leo.,2024-03-19
sociis natoque penatibus et,Morbi a ipsum. Integer a nibh. In quis justo.,2023-02-26
quam fringilla rhoncus mauris,Nullam sit amet turpis elementum ligula vehicula consequat.,2023-08-18
luctus nec molestie,In eleifend quam a odio. In hac habitasse platea dictumst. Maecenas ut massa quis augue luctus tincidunt.,2024-12-27
congue,Fusce consequat. Nulla nisl. Nunc nisl.,2025-12-05
mattis nibh ligula,Aenean auctor gravida sem. Praesent id massa id nisl venenatis lacinia. Aenean sit amet justo.,2023-05-18
fermentum justo,"Curabitur in libero ut massa volutpat convallis. Morbi odio odio, elementum eu, interdum eu, tincidunt in, leo.",2024-02-13
luctus ultricies eu nibh quisque,Suspendisse potenti. In eleifend quam a odio.,2023-02-11
felis,"Donec ut dolor. Morbi vel lectus in quam fringilla rhoncus. Mauris enim leo, rhoncus sed, vestibulum sit amet, cursus id, turpis.",2022-12-23
sit amet consectetuer adipiscing,"Donec diam neque, vestibulum eget, vulputate ut, ultrices vel, augue. Vestibulum ante ipsum primis in faucibus orci luctus et ultrices posuere cubilia Curae; Donec pharetra, magna vestibulum aliquet ultrices, erat tortor sollicitudin mi, sit amet lobortis sapien sapien non mi. Integer ac neque.",2023-11-23
donec ut dolor morbi vel,Aliquam quis turpis eget elit sodales scelerisque.,2023-02-03
nunc purus phasellus in,"Nam congue, risus semper porta volutpat, quam pede lobortis ligula, sit amet eleifend pede libero quis orci. Nullam molestie nibh in lectus.",2024-08-01
posuere cubilia curae,Nullam molestie nibh in lectus. Pellentesque at nulla. Suspendisse potenti.,2024-10-19
consectetuer,Integer tincidunt ante vel ipsum. Praesent blandit lacinia erat. Vestibulum sed magna at nunc commodo placerat.,2023-10-28
ultricies,Nullam porttitor lacus at turpis.,2023-06-02
ante vestibulum ante ipsum primis,Pellentesque at nulla. Suspendisse potenti.,2023-11-19