username,followedUsers
htremayneaf,nescalero6j
bselbyhw,cliddingtonch
plindseygm,flaffranconiht
tlesleyms,lduiganp3
vpaultonhp,jmulleshq
lduiganp3,hhowenej
hcominottinv,oyesinin98
kbalducci28,ppatchettqo
avina90,afairfullae
ghaggasrf,fheino1b
cburghillne,lpendleburypm
adonnq2,bsouthby13
lkonzelmannm2,rloosgc
dknollesgreenl7,jbardeyha
wmusgroveh4,kheckneykw
bgrealishbt,cubsdelloa
chopewell84,sgairdner8v
gspadaro73,jranklinme
lbennetto7t,schasmor85
vperingh7,wvittelg0
whayhurstbn,mgurryli
jrippingallq9,mfursland5l
tkneeboneky,gdailef1
fcasarili7h,mkulvearfi
rmeenand9,bbrabbeng6
tlawee4l,tbyattap
ddesvignesqq,stiversqb
vmulliganbx,hackredt
wnasonn5,ethoriusqq
amatissenz,cscothroniw
bgodbald5d,ccowdroy44
moffa3f,plindseygm
mlandsburyg9,vseiffertg0
bstutelylh,wjesticoas
sdrucemj,dgorriear
hllewellinc,pdikesf3
lpalley2n,wdurhambc
rbuggdw,oweipperths
elabastida7y,mbigrigg3h
dsekullaa7,lspatariqy
kafieldkc,kmcgreil68
paldwich34,abasso8n
agerrieaw,vabrashkinc7
lhyattr6,pgilman9s
dsawellrg,aspoureoq
tshrimplinim,lgrogonapq
jcavyqe,mferensjx
oconeleyga,sdohmsdp
dhawkyensao,sdionisettidw
jburnhamsqo,abonhommegb
kpolglasea3,hmartineauo
mtomasoni3j,bscruby4w
jjanauscheko0,akillich7k
tmcinallyh4,scridge3v
mbillany30,cgather6e
oyesinin98,mhendricksfq
ffellmand9,cstatenk0
cjostol,fmclesega
bsouthby13,acastledine1c
nsertinb3,anussii7p
cweeksir,cmandreyd5
djakuboviczlx,rmclellandn2
gdickekk,gfitchettp7
tlarozel2,lschleichereo
kknowlingac,ocolls8e
aarmin34,kjeggo21
ftwidalej8,gpropperr5
akempton42,jseargeantox
wgerretsen7h,cclements82
dgrishagin2v,cdraytonho
jaldeneo,kpolglasea3
aainsworthy,mbaruchmw
abudleighkc,jhanigan54
bvallery9a,kkeddie5
rmatantsev17,lmacgillicuddycr
pbriskeybh,nbeecham9p
twhitten7n,sseymerm9
cisacqgg,cglassupcn
ibadseyj1,palthropc8
bbreempr,avina90
lduguid2n,ggiannassim8
wwhitehurst6u,dpinnick5r
kbertlineu,fpaddockih
lgillilandjd,vdaggerig
hdelortdv,vmarrittij
mmcalorend3,bbastidek8
tsanchoct,moffa3f
vbriantjr,jdudmanlz
mmarioneaun1,ooddybc
mplacstone2r,tchestersqz
lschleichereo,clidgertoncu
adunkerly8i,mlaweles73
mbrydonec5,nlabordaj9
wheart70,fupexn8
obonde7q,rgaskall1i
npiller6d,screswell5m
slunone,lbendamw
dzannelib5,ljerchead
yeste55,ecicchitelload
civimey67,erubinowitschlr
uchurchousel9,emacmeartyfp
kliftonk2,elabadini5z
gvaughten6x,mposthill96
eoscanlandf,cdaglish6e
mkupiszrq,eklaasnr
tflack3s,jcoppockc7
drennyck,ekinforthik
mbulgerf4,kminorsrg
oweipperths,ccorney6l
mvaner4,eeppsonlp
syarranton5p,ekarlowicz39
texonqi,sscruton16
ctudor7o,aivettsoe
mpesselor,vbusch8t
erawstronpi,vbalkcy
hrickardd5,tduddan4d
tbean24,sclacsono2
whuburnj0,tgerardotcu
dboutchern3,mscroobyf5
ymcauslene9z,dsawellrg
kfortunk8,adunkerly8i
ssaffenk1,hseleway4j
amacconnechie3z,pbriskeybh
cackhurst13,caxepo
scuseickbo,mchallicum5l
wcarraneg6,dbaxns
rmacfadzeanly,ehattoe9x
rbrackleyfq,mcrostonc
mmarczykm2,alaffranconi1s
dtoomerrp,nbevissfg
lrowlsonjv,bkenenon
dhawketl1,bantoniak67
zoshirineeo,ccaghandi
ljerchead,ibadseyj1
zbalsomee,eheineking6t
jbangb9,amadgin5c
cmarhu,diacobassiag
aawmackjg,aoloughranmi
bhessentalerc9,aramshay8m
bbakhrushkinr3,wscoltsm3
gdanahar7w,jstorksae
dparkynse8,tpankslb
nchengqy,kyandlel6
adenman4m,mwoodroof54
sbornecv,amackellene4
msouthcombebg,nscholarb2
lcanbyj5,ckunertr8
mudy1o,bmoulden15
charkin51,rbelfeltfp
gbrotheridge74,fmichinf2
rgoakes2y,egossipinf5
gantoninpe,ccolesmq
wbowderyoa,abonick6b
temanueli97,rkneaphseyk7
lgullifordn2,ccolleranr7
mwloch1b,ktother2m
dbrierleyhr,mwoodham66
kgirdlestoneoe,cgageg
smogey4r,mdilksfo
wedmeads7z,ghaggasrf
trendell5e,temanueli97
gpahlssonc6,yhigganlj
uceccoliu,caxupm0
mglenfieldgu,wleveyet
hhutfieldnz,ereily5q
sorrick74,drossqh
rmaiseya6,fbreffitt3u
amainz6c,msealandbf
bstuddeo,bragborne97
vgiamelligt,dbrierleyhr
sglentworth3t,mpiscopiello5o
ckenvinb9,tjoerningcs
pbarczynski37,gantoninpe
gjanowiczgn,ggerlerkc
eponnsettpr,eendricihd
lhaylandfn,rschobereq
lthomlinson7g,jcampobw
jhanigan54,mduthyec
zmcleoidc1,ledson31
sredmelldd,rjakeway6x
nwharmbycl,nvoadenoo
kdunsfordqx,adalliganme
fferenceec,ggreguoll4
avarvara42,aglason7
mhattermg,ldionisgk
ctinemanpe,umitchesonh1
ebarwooddu,dsextimz
ojamieson3s,jsteinsonid
gblaneyie,imargarsonjl
itrudgianre,mcollhu
vmcallastera2,woverhu
dkeeting2o,sforemanm
gvarvara2,agombyio
tbarkerex,rbuggdw
wvitallch,acrosscombecs
taierse6,msappelliv
eluetchford38,eheaffeyfh
bcostaov,blucken86
rashtonhurst2e,lwhellamsd8
erubenkb,tbanthorpemf
vtriggolfh,nsizev
mclay6a,edoumencei
fwrixon7c,cmeachemrp
wchuterl,jtregonnapi
bvockins6r,mpesselor
eyashnovq7,ahubbockew
cashpital2t,ljewercz
bannandaleqf,madamix
tsherbournehj,ewoolardoi
atidswellpf,qdunstonebv
pvinter5j,derteltdp
whollindalej9,bsproulc8
mharburtsonrc,amacfall2h
vhaylands1t,calford83
bsiehardrh,jpetrowskyff
slawrenzoy,yspray9y
aharwellm3,tguiettb6
jardlingbd,asandeyx
smoro4l,lgogay98
sudeyf8,gabernethyjv
fhayzercr,nlangdalej
amengoq3,jcaselykg
fbeattie5q,kspacynn
tbrandtej,cwrintmorerl
apolsinin,pbowdon8h
mportwaine7f,wedmeads7z
jroxbeeiy,dudden1c
mrichfieldp3,kbarstow27
rglayzer3b,vwalstowb6
iwickenia,hshiel12
dhumbertio,gorcott2y
hbrugsmak5,ssturrore9
teathertonl9,kurlingk2
aletherburynp,mbryson3e
tmattiaf5,dpilfoldao
ebilamoy,edourisi7
smuirdenq2,rgoakes2y
asambedgede,emcduffygh
tgrugerrld,chovertp9
lbaleineok,fkeggin89
macresqv,fgarrettrk
ewetheril49,ldenkinh
gskull3v,mmarvell59
cthornewellbe,vgiorgionial
hbalyam,mgorthyb8
sphilipetqh,lsaull21
gshannahangr,jcressorpt
pcurraneu,efoulger9k
abodechon6g,gruseworthmu
cindge29,yeste55
kminorsrg,ndenisovich87
llanglais4p,tpadykk
vgiorgionial,gspadaro73
bchallenorm8,bcodnercy
browlingmg,amawkl
clawliep1,nburlinghamb7
khugland1p,ebaselio2s
bbunkledv,abodechon6g
msmithsonjj,twelbourn4o
hshasnan2w,mcopperpb
mfursland5l,fgarmanbj
eimlenom,zmilch8s
ckimmonsk6,hbrugsmak5
jevelingji,wtutillu
ebirwhistle6u,wbrabhamre
dlamburne5,nlatourem
dlambrookfv,cmaggillandreis9o
mgoodspeed3b,yhurdmanas
bdavis8j,showarth2c
lizhakyea,twinsladept
bstorre1j,feary8x
tdommetthn,acordalldm
yhumpheryoi,apoyleph
gdamettinm,ckeirlegh
tbretelleh3,cbasketfieldkh
wwellbelovemu,nkinneyhf
lformanfr,eyatman8x
lmarrowm7,oadink6
daleswello5,gwoodnutt9s
craisono8,mpennigarpg
hbaldwin2p,joscallanpv
galbanynd,lskillenfi
arodolphee0,tlesleyms
aanwylpc,dbroggiogb
cblacklidgerc,cwinsorkx
lninnolifn,vmorecombpw
slepruvostlv,mvinallbl
bscholte4v,pmckeeman7d
bmcartai,gtrewhellag8
dkilmisterju,rleguinnd
lhalsteda4,rabrahamianb1
jrowley9t,hgoudard3p
bfraschetti72,wmccandiel7
arueggr6,odeuss1x
gwardinglyes,gverbruggen9
bstandish9f,jbangb9
bkrystofd4,vriddett5n
mpiscopiello5o,rpervoehx
narchibaldq9,amcgregor1w
msothebyoq,awestwickhv
msambidge9w,dmirandadi
jrainvillep9,jcroslandgc
dtoffalonikt,phischkeo7
mwherrettan,cquarrelllg
odenny5s,mmebes63
ishinfield1o,ssjostromd2
eespieoj,cbyronfk
moleninlr,jlegassickhd
clawnnj,nkennicottk7
gstollenwerck89,pgrogonaew
dlindwall58,jmattasernm
cdaglish6e,pmournianb
bpittwoodil,tstoddart5d
jschimon64,ablaszczynskiq6
ntourrylt,jrainfordj0
cbosenworthg9,gjoriojy
rkeer9a,kcheerfl
jcampobw,eeykelboschdz
gpatemanm,ebilamoy
wdaskiewicz78,wmaclarenpq
fsparrowr2,alemaitre1n
cworlock7q,jpatesel8b
nbaildonc6,mtesoec
nlabordaj9,mmanifouldg1
dkneala9,edoutch8h
mzecchinihk,lolsengo
arevelandg7,amaceveleyh8
bdollinp1,ckohrtml
pmccroft3f,fcormackn5
amarchentq8,ajirasekq3
vsteerspv,pkubatmm
bmewett68,zmcleoidc1
bvanni7p,slabatiekf
portes71,ldraysonk1
aingle15,jodeegu
dcundyhy,ccaughte7l
rgommowek0,cjodrellechz
adyka2m,mkupiszrq
godwyeri1,dchellenhammj
khenstonegd,bfishwickau
vnewardmy,ishinfield1o
vpaddingdonq5,nharmant4i
avanniao,eponnsettpr
eeriksson7j,hmurrellslw
btonner90,gfrearsonji
ereamebj,vdemchen9j
diacobassiag,wbeels2c
mhesbrook68,wfigurafc
agoodbarqc,boliveraqj
ptorresemp,nshilstonk2
hdeveralllr,fkitterd1
nelnough7e,egiannonib
rcollington9q,kworswickd7
mbussnu,bashburne2l
kbontinen6,rspinnacebt
astrong6s,blefeaver6o
tjeffryes1c,jsprouleme
nmaystonih,agiovanido
ssonscheing,zpitkeathley4h
ndhenin23,kliftonk2
kblackeya3,ssaffenk1
bbewicke34,vstottbi
lcollyns41,saingellmb
chadley4q,ckorous7k
hsmidmorkl,fkneebone3n
mclemasg4,pplumptrejy
smelladewds,lhalmkin3n
mchallicum5l,zwaleworke51
ngoadyjr,oriddeoughk6
lmacgillicuddycr,orufmt
hbramwich48,cpiddlesdenfj
jmateevpk,pthynnefl
fdelaharpelv,wstockill45
blindblad1p,bdollingdf
chullrn,tharuardc9
jleggingoz,ghoofe4f
mmacalorenh0,jlevinsbo
dredingtonqp,trowbothampt
afiveyqk,ubroxis77
cbolamft,llarroway79
alagneou,srevetth2
mwoodham66,tbrozssetg5
ogiacaponimi,dvelldeniy
mtesoec,thuorticq6
kquigg8n,fspurlingfx
dpickerinhp,pbarczynski37
lpachip,nforward40
ciglesiaki,gwheeltonmc
cscothroniw,clideardgn
mbirtwisle27,kmoodeyml
fblanckleycf,hmerklefi
elowdhamfr,rgommowek0
tvictorym9,amcrannellnk
mlaweles73,sismeadoa
cgyford9n,bchettle8w
lrawnsley8i,dmccrumha
rgoingmk,wwhitehurst6u
askipseyp6,erubenkb
hsimoneschi5x,kseneschala
cternouthci,cshetliff80