username,followerUsername
hkeatingcx,cgather6e
fgarmanbj,scuseickbo
bgodbald5d,mbockin9u
eloganog,bbastidek8
aciccottiopa,wehratds
tspencelayhqp,sstirzakerdk
lbaleineok,ntillett40
aradoux6y,lpaydon6g
tnazair3w,jkarlsen9m
cugolottion,galbanynd
awestwickhv,strobridgeja
eheggadonpi,pmckeeman7d
tokelleher4x,adyethy
flaffranconiht,hmurrellslw
jemmett2d,bcodnercy
irossiterg8,ppurse16
oblastockck,creolfo2a
rthorndalegl,ktessington90
kjillard95,pbarnsnc
ssheepyqs,dzamorrano5t
dchellenhammj,abonick6b
kspacynn,rplanteb2
cclements82,lizzardfc
dpadillo64,brutledgecz
mbonin7v,nnewisbu
abasso8n,gspillerna
pdikesf3,mbigrigg3h
emadgettoc,routridgeqd
mthreadgallen,ajirasekq3
sreiglar41,lixermy
mguysav,bstolzed3
jaldeneo,ntourrylt
tchaseik,cridley2
ostearnj4,aklyneraf
tguiettb6,acresaroz
slepruvostlv,eridgewell26
kdavidgeo,esollars2a
jrowley9t,alemaitre1n
jchiechionl,hbowersf2
dfaragher3g,gmcteggart9q
scaneroe,ifinlanjc
jvasishchevkw,dbolsteridgehj
teisak57,kbontinen6
dpetras35,sbinchkp
hcominottinv,bswallwellm7
emarjot4,psammsba
pgreyesr4,aiannetti2h
diczokvitzoz,rlaurencotex
aanderbruggeaa,elangsburyo4
pbastistiniak,dsurgennw
esilkston5i,spomphretthb
theavensb6,edaenencb
bashburne2l,hdelouchfh
bwolveyh5,ncurle49
lvere3h,thorchec4
cmandreyd5,ktother2m
kridout83,bscruby4w
apolsinin,tyouthedl3
ldenkinh,tconkling8a
dboeter1t,dpedrol6b
ktrobey1j,mguysav
dtoffalonikt,dthebeaudhg
brizziellorb,cburghillne
fchasneypz,felwin8y
zhandrock3k,avanniao
jbardeyha,pkinnierff
tmansion2w,kgyer2z
yeste55,nninnis9w
ndevallew,dparkynse8
shedgemanln,brisingfv
plidsterb8,cbrett6f
kcaplisw,lgrogonapq
zeptonrp,xmcsparranev
aspeddinqi,hpoile3k
aglason7,bbeamishhd
cgyford9n,lvollere0
cshinton86,bknyvettev
mdattenb,dblaisdellgv
tyouthedl3,cshailer4w
wcouper72,edelphs
jpetrowskyff,jtrussi0
blucken86,idemattialc
apayleyd8,voloughnan60
sdrucemj,shaithr0
rcollington9q,mportwaine7f
bchettle8w,tericcn
pmckayje,lskateaa
bjeffcoate1k,pirnis1f
mduthyec,nnardonipj
whonigiz,ewellumj6
mplacstone2r,dsekullaa7
espyvyeef,tbroxisc1
ebaselio2s,gweymont9w
amarzeleo4,caskewf1
mbroadey7w,prenison38
gmoroney5k,irispineil
jstenninej4,cgreenardkz
ascarlanpl,lsaull21
kbarthelmes1y,rwheaterfy
uloughlini,jchisholmlq
pmccroft3f,fklempkepp
dwildbore3,hwebborndh
pstarrs21,askewes84
edaenencb,yeyree5k
dbunston65,ctreagustqg
pmckeeman7d,pinstockdr
tsimcoe3e,elequeux46
mmarvell59,swhitefootac
tlintotj7,pcomford7a
cscurrp8,cgullefordie
tlivesey4a,kmableyq4
dtattershawo5,tbuchanan5b
cdellenbacho5,mzecchinihk
cvasilevich32,acanedo9c
chopewell84,oflewangy
ahaw6n,ngauleki
ajirasekq3,mduding82
acanedo9c,fpaddockih
lcurryer5z,fmclesega
ppatzeltog,dlambrookfv
mmottersheadgf,gvlasenkoiz
rnarramoreat,sbanisterof
lvella9j,pmathesed
olebrunps,wfurslanddk
wsherrocks6i,edoumencei
vabrashkinc7,cdisleyod
kwillmot7f,rbalselliedh
bhubax,lsorley76
dhawkyensao,drandlesi9
jfreed7t,lwhyatt79
bchallenorm8,erubenkb
ccasterouku,tdunleavynw
aseeger20,fwormell7l
ecampa4h,umegarrypj
cknollesgreenaz,kfarbracee4
umealing7x,cweatherillkm
ftavenerpc,cshinton86
gweymont9w,acardenoso1u
slunone,bbewicke34
gblaneyie,hclarajh
lmarrowm7,tpadykk
cbeasleighq0,gwardinglyes
mfursland5l,ccogger88
mchallicum5l,fberthomierhy
cstallibrassmm,saingellmb
smuirdenq2,gbutterisdt
lkonzelmannm2,vdaggerig
cmckeveneylt,fedmonsond0
fenston59,ckohrtml
gthunderchief4i,apettint
afiveyqk,hburnsalll3
tgrimsley5f,nsertinb3
bwegnera8,shuardnl
nmaystonih,dmazzeon9
mmurriganbv,ljuzek37
cternouthci,bmorston8b
itrengovepm,mhendricksfq
ihalebm,msproston65
fgosbyeh,crickasse99
jardlingbd,kcockettrr
ctudor7o,rpervoehx
obonde7q,mpennigarpg
eridgewell26,mruppertzrj
dcreese3i,bvanni7p
ghoofe4f,fseylerp
switton7s,bzannelioh
ewelldrakeg,rjakeway6x
amainz6c,abrimson2d
mcrostonc,tmicahil
foliddyk3,htibbs93
tbrozssetg5,vbriantjr
ppatchettqo,pdunlop6d
gspillerna,ptorresemp
dshearaer,jrushbury87
kramalheted6,jroxbeeiy
jpatist,btomczakp2
cmulqueen2z,jgiriardellike
ccolesmq,gnairyrb
blandon9g,eraesidehp
jedmondsonf3,bjeffcoate1k
dcheesleypx,ldraysonk1
cvanzon10,tplasterhx
aanwylpc,tfrankowskin9
eluetchford38,cwinsorkx
glamertonbp,lwhellamsd8
nburlinghamb7,ogriffe2b
bspavinsdy,wmattamrl
thappert46,sredmelldd
emallock8h,anussii7p
rattenbroughlf,mkupiszrq
emcduffygh,trowbothampt
dgorriear,jchaineyjq
efirbanks4v,krouff3m
sbaudinot9z,bbreempr
genrico7f,ycocksedgeh
aboothjarvisls,gkiljanno
ngoadyjr,mwinspurdd
cdreghornq0,astrivensmf
tduddan4d,tmeddemmenox
rkilrowhm,wnegalfe
mwiskar2n,ljobjz
ndiessll,ajoinceyop
ayellpk,willstonjh
vmulliganbx,groddamit
ehudlestonby,vtomczynskijn
dzamorrano5t,swickeygs
sribbens62,bwiszniewski67
ibadseyj1,krainsburyob
alovitt3l,jseargeantox
ksiward4y,imargarsonjl
amayte4l,adescoffierko
jtilby48,ckirsoppg9
mabadamhs,godwyeri1
tplasterhx,tdommetthn
egiannonib,pcurraneu
tmeddemmenox,jscrooby6m
mkorneln7,slingerhs
rlocalak,pbraamsmp
cgasquoine9d,lreford7z
ccardiffhf,abonhommegb
reddise4,socannon22
leveralj2,wsherrocks6i
gburnsydea0,mpelosk9
pbarczynski37,alevined3
pjankovsky1u,aworthingtonkd
oweipperths,cdedomenicoab
aibbettby,hcollcottr2
cashpital2t,bbecksrb
prenison38,syurinovrn
agotcliffen3,bragborne97
gpie3,mclay6a
jranklinme,clandaljw
cgeeringap,tvictorym9
woakwoodx,iahrenspu
fpollendinekv,lolsengo
rtungatehc,awasielewskidj
gmokesb7,amckea5x
oflewangy,kviversnf
tsaterthwaitik,emacmeartyfp
wwhitehurst6u,jwickmannix
eendricihd,mschermickfg
rvanbrugku,emckall14
pagottbe,eklaasnr
cchatin5f,oweipperths
wolensbyp7,esteartay
lgreerqd,rstapforthgi
dlambrookfv,vtaillardf8
wpashencr,adunmuirgi
ccominolijt,eeuler8d
ccogger88,vrutleyf3
skellockpf,rtrymmegs
wmacmanusaq,jruslinge93
jwickmannix,ssonscheing
etiffany3b,jpeermanj
tjephsonpg,jdobbyndx
bgreenfielddk,mchallicum5l
fspurlingfx,nbevissfg
ktolefreedc,nburlinghamb7
dlittefairbn,bwarne99
dlamburne5,scaneroe
ishinfield1o,screswell5m
nschimek81,gasplandr7
gtrewhellag8,nshopcottqu
adodding72,pvinter5j
ayesenevj1,mlergan9a
cplayleic,clengnq
ebendingdz,kcorbridgere
jpennacci10,rrichtlm
rmayerlm,zhandrock3k
mkupiszrq,ccrosondv
eburberyeo2,whollindalej9
shouchenkp,emardallpn
llodevick9x,ckestlebu
vnewardmy,bchallenorm8
jmidghalli8,mbreslauer4
mhillhouse3s,fleathembm
ocolls8e,thaberghamj
nraspin9e,gbuesnelaj
vdemchen9j,gdamettinm
fleathembm,mtomasoni3j
ewellumj6,rtrottam
gjellicorseen,ufenelon8j
challstonei1,aramshay8m
mplanque9i,fkastingeg
twhitten7n,mscroggiep6
lheinssenmw,cvondruskanp
ttiversid,mredfernelf
esnuggq1,bcatterallbq
kmawdittp7,bseagood4s
cbussens1y,lmelbournij
whandforthjq,mbroadey7w
mbackhurst11,aherionbe
mwagstaffefs,nwharmbycl
tkinsonra,gtomichks
akempton42,rcremen8i
cbullon1g,vgennns
csorro7g,mschwando7
asealandbz,ktippell71
rcooch2r,mscroobyf5
tpankslb,arueggr6
sdanismo,gdenmeadiz
vmencehi,vjacquemet6s
smattheishq,rbelfeltfp
wzielinskibp,cshetliff80
cportsmouth3h,ytibbles9k
tjeffryes1c,asealand4m
mscrivner2q,jmahoneyd5
tduferiehh,mbillany30
atovey7a,blucken86
rmilbank5y,ascase42
rnewdick0,ffuentesly
hburnsalll3,rcullimore9g
asummergillcm,oriddeoughk6
lduguid2n,ftavenerpc
gwheeltonmc,aanderbruggeaa
hmassei8q,edewersonhe
eklaasnr,cmarcodq
acordalldm,lbrandrick6h
hdon69,mrobkeni5
plindseygm,dleuchars3o
gvarvara2,asherbournelc
hallwood4t,dandreuttigz
edannelqt,tjacquet7z
rfortune1w,llanglais4p
fpolkfd,sdrucemj
tstrangmanf2,ddavsongy
creviehb,slunone
lreddyhoffi3,pdelahayro
dcarradicel5,lreal5o
hmerklefi,cwrintmorerl
dzimmermanns7l,pmazin6b
ljobjz,ibeddingham7u
skelshawq,zeptonrp
tjoincey4a,mmartinuzzi8e
cpattleo9,fbridatki
sdytham22,rsare9m
mdalyc4,ahartmannd0
ptranfk,elucien3o
cleggen2u,jcoppockc7
shuardnl,kpotellnu
brentoll7i,dzmitrovichlu
iwickenia,cosantok
kyukhnov28,mmanifouldg1
kchevinsaw,oclaragebr
tgerardotcu,asimeoni
dirvingcj,ggreguoll4
nglasmanet,lbrumbleof
ldelgadilloi5,nklazengah9
tstitson1z,cternouthci
rplanteb2,wwhitehurst6u
mtorns4c,hbiasio35
chovertp9,kgreenlydt
kmilliergz,retchinghambg
vperett9o,agheeorghieev
bzannelioh,bdavis8j
kfortunk8,tgodehardsfa9
pmchaffy6e,tjakolevitchl1
ccowdroy44,dharkencw
gpatemanm,sdrayson7p
sbiggar6x,gpatemanm
acornbellel,dpalfreemanbx
bgammelmv,dmccrumha
fboamea1,mshepheardi6
jprophetif,jjerzakn2
wainslie3z,sdannn
nsizev,vmcallastera2
aellicef6,amerwe20
epriestmanq1,lrandsl4
msealandbf,mgedling9q
sdimmackm4,lvella9j
awasielewskidj,cheddelp
mschermickfg,mfarryan6y
cgunning7e,amattiessenb
gradbond5o,bfraschetti72
mwheelband4g,aheinsiusif
ggreenhall2f,bstandish9f
ppettby,dhumbertio
ccoxallnv,tturleyo3
agobolos61,shalgarthgv
sgormally5e,dclines2g
kcaplanbm,cdalglishcl
djorgensen5v,fbalmadierag
fdocheq5,djakuboviczlx
mstealeycf,thuorticq6
mudy1o,agarmqn
gblesliht,ahamprechtfg
dtourneed,dmalser5
cblackledgeom,asantobw
eduffieldes,mgrigolli8p
mchaulk35,malexsandrovich92
ubroxis77,ereamebj
mectorj3,ideletefb
sjosilowskik9,rmeenand9
tworgenic,dpetras35
adynejs,mcopperpb
thaberghamj,gomalleyj8
dredingtonqp,hvanveldenct
edoppler8m,wgriggsjf
mphilippsqm,mbulgerf4
moharneypl,ssaffenk1
